{
    "path": [
        {
            "x": 863.26771308,
            "y": -1063.24081285,
            "z": 1050.0
        },
        {
            "x": 892.75587396,
            "y": -1064.89479219,
            "z": 1050.0
        }
    ]
}